{
  "rows": [
    {
      "backbone": "resnet18",
      "params_M": 11.2,
      "accuracy": 0.9882352941176471,
      "auroc": 0.9995714285714286,
      "ece": 0.008421360745149499,
      "sens_at_90_spec": 1.0,
      "temperature": 0.5813208222389221
    },
    {
      "backbone": "resnet50",
      "params_M": 23.5,
      "accuracy": 0.9941176470588236,
      "auroc": 1.0,
      "ece": 0.0030230136478648487,
      "sens_at_90_spec": 1.0,
      "temperature": 0.4467200040817261
    },
    {
      "backbone": "densenet121",
      "params_M": 7.0,
      "accuracy": 0.9647058823529412,
      "auroc": 0.9977142857142858,
      "ece": 0.019827927210751703,
      "sens_at_90_spec": 1.0,
      "temperature": 0.4808519184589386
    },
    {
      "backbone": "vgg16",
      "params_M": 134.3,
      "accuracy": 0.9764705882352941,
      "auroc": 0.9857142857142858,
      "ece": 0.023529411764705892,
      "sens_at_90_spec": 0.9714285714285714,
      "temperature": 0.0010000000474974513
    }
  ]
}