{
  "backbone": "resnet18",
  "test_size": 170,
  "temperature": 0.5813208222389221,
  "uncalibrated": {
    "accuracy": 0.9882352941176471,
    "auroc": 0.9995714285714286,
    "sens_at_90_spec": 1.0,
    "confusion_matrix": [
      [
        100,
        0
      ],
      [
        2,
        68
      ]
    ],
    "ece": 0.024748180193059587
  },
  "calibrated": {
    "accuracy": 0.9882352941176471,
    "auroc": 0.9995714285714286,
    "sens_at_90_spec": 1.0,
    "confusion_matrix": [
      [
        100,
        0
      ],
      [
        2,
        68
      ]
    ],
    "ece": 0.008421360745149499
  },
  "reliability_uncal": [
    [
      0.8338012099266052,
      0.8823529411764706,
      17
    ],
    [
      0.930380642414093,
      1.0,
      17
    ],
    [
      0.9535358548164368,
      1.0,
      17
    ],
    [
      0.970156192779541,
      1.0,
      17
    ],
    [
      0.9787774682044983,
      1.0,
      17
    ],
    [
      0.9857569336891174,
      1.0,
      17
    ],
    [
      0.9912860989570618,
      1.0,
      17
    ],
    [
      0.9943481683731079,
      1.0,
      17
    ],
    [
      0.9973527193069458,
      1.0,
      17
    ],
    [
      0.9994758367538452,
      1.0,
      17
    ]
  ],
  "reliability_cal": [
    [
      0.9283235669136047,
      0.8823529411764706,
      17
    ],
    [
      0.9884738922119141,
      1.0,
      17
    ],
    [
      0.9943845272064209,
      1.0,
      17
    ],
    [
      0.9974866509437561,
      1.0,
      17
    ],
    [
      0.9986162781715393,
      1.0,
      17
    ],
    [
      0.9993090033531189,
      1.0,
      17
    ],
    [
      0.999707818031311,
      1.0,
      17
    ],
    [
      0.9998580813407898,
      1.0,
      17
    ],
    [
      0.9999606013298035,
      1.0,
      17
    ],
    [
      0.9999973177909851,
      1.0,
      17
    ]
  ]
}